date,total_value,cash,positions_value,returns,returns_pct,benchmark_price,benchmark_value,benchmark_returns_pct,excess_returns_pct,daily_returns
2025-02-20 15:00:00,99382.44,1438.4400000000023,97944.0,-617.5599999999977,-0.6175599999999948,3928.9,100000.0,0.0,-0.6175599999999948,
2025-02-21 15:00:00,99214.44,1438.4400000000023,97776.0,-785.5599999999977,-0.7855599999999963,3978.44,101260.9127236631,1.2609127236631101,-2.0464727236631064,-0.0016904394780405951
2025-02-24 15:00:00,98794.44,1438.4400000000023,97356.0,-1205.5599999999977,-1.2055599999999944,3969.72,101038.96764997837,1.0389676499783729,-2.2445276499783673,-0.004233254756061733
2025-02-25 15:00:00,97786.44,1438.4400000000023,96348.0,-2213.5599999999977,-2.213559999999992,3925.65,99917.27964570235,-0.08272035429764957,-2.1308396457023426,-0.010203003326907822
2025-02-26 15:00:00,98206.44,1438.4400000000023,96768.0,-1793.5599999999977,-1.793559999999994,3959.94,100790.04301458423,0.7900430145842297,-2.5836030145842237,0.00429507404094065
2025-02-27 15:00:00,99046.44,1438.4400000000023,97608.0,-953.5599999999977,-0.9535599999999977,3968.12,100998.24378324722,0.9982437832472213,-1.951803783247219,0.008553410550265372
2025-02-28 15:00:00,98290.44,1438.4400000000023,96852.0,-1709.5599999999977,-1.7095599999999989,3890.05,99011.17361093436,-0.9888263890656335,-0.7207336109343654,-0.007632783167168866
2025-03-03 15:00:00,98122.44,1438.4400000000023,96684.0,-1877.5599999999977,-1.8775600000000003,3888.47,98970.95879253735,-1.0290412074626554,-0.848518792537345,-0.0017092201438919652
2025-03-04 15:00:00,97577.3,97577.3,0.0,-2422.699999999997,-2.4227,3885.22,98888.23843823971,-1.1117615617602827,-1.3109384382397171,-0.005555711822902043
2025-03-05 15:00:00,97577.3,97577.3,0.0,-2422.699999999997,-2.4227,3902.57,99329.83786810558,-0.6701621318944251,-1.7525378681055748,0.0
2025-03-06 15:00:00,97466.67,2100.6699999999983,95366.0,-2533.3300000000017,-2.5333300000000003,3956.24,100695.86907276846,0.6958690727684624,-3.2291990727684627,-0.00113376779230423
2025-03-07 15:00:00,97794.67,2100.6699999999983,95694.0,-2205.3300000000017,-2.2053300000000053,3944.01,100384.58601644226,0.38458601644226764,-2.589916016442273,0.0033652529628847017
2025-03-10 15:00:00,97138.67,2100.6699999999983,95038.0,-2861.3300000000017,-2.8613300000000064,3928.8,99997.4547583293,-0.0025452416706928105,-2.8587847583293136,-0.006707932037604891
2025-03-11 15:00:00,97302.67,2100.6699999999983,95202.0,-2697.3300000000017,-2.697329999999998,3941.42,100318.66425717121,0.3186642571712195,-3.0159942571712173,0.0016883080651608484
2025-03-12 15:00:00,99270.67,2100.6699999999983,97170.0,-729.3300000000017,-0.7293300000000058,3927.23,99957.49446409936,-0.04250553590063877,-0.686824464099367,0.02022554982304192
2025-03-13 15:00:00,99188.67,2100.6699999999983,97088.0,-811.3300000000017,-0.811329999999999,3911.58,99559.16414263535,-0.44083585736465203,-0.37049414263534697,-0.0008260244440779774
2025-03-14 15:00:00,100254.67,2100.6699999999983,98154.0,254.66999999999825,0.2546699999999902,4006.56,101976.63468146301,1.9766346814630076,-1.7219646814630174,0.010747195218970163
2025-03-17 15:00:00,96400.67,2100.6699999999983,94300.0,-3599.3300000000017,-3.5993300000000006,3996.79,101727.96457023594,1.7279645702359403,-5.32729457023594,-0.038442099505190175
2025-03-18 15:00:00,96318.67,2100.6699999999983,94218.0,-3681.3300000000017,-3.681330000000005,4007.72,102006.15948484308,2.006159484843084,-5.6874894848430895,-0.0008506164946778805
2025-03-19 15:00:00,96564.67,2100.6699999999983,94464.0,-3435.3300000000017,-3.435330000000003,4010.17,102068.51790577515,2.068517905775158,-5.503847905775161,0.002554021977255294
2025-03-20 15:00:00,96318.67,2100.6699999999983,94218.0,-3681.3300000000017,-3.681330000000005,3974.99,101173.10188602407,1.1731018860240638,-4.854431886024068,-0.002547515566511005
2025-03-21 15:00:00,96278.08,96278.08,0.0,-3721.9199999999983,-3.721920000000001,3914.7,99638.57568276107,-0.3614243172389231,-3.3604956827610777,-0.0004214136262470358
2025-03-24 15:00:00,96278.08,96278.08,0.0,-3721.9199999999983,-3.721920000000001,3934.85,100151.44187940644,0.15144187940643317,-3.873361879406434,0.0
2025-03-25 15:00:00,96278.08,96278.08,0.0,-3721.9199999999983,-3.721920000000001,3932.3,100086.53821680369,0.08653821680368878,-3.8084582168036896,0.0
2025-03-26 15:00:00,96278.08,96278.08,0.0,-3721.9199999999983,-3.721920000000001,3919.36,99757.18394461554,-0.24281605538446493,-3.479103944615536,0.0
2025-03-27 15:00:00,96278.08,96278.08,0.0,-3721.9199999999983,-3.721920000000001,3932.41,100089.33798264145,0.08933798264143533,-3.811257982641436,0.0
2025-03-28 15:00:00,96278.08,96278.08,0.0,-3721.9199999999983,-3.721920000000001,3915.17,99650.53831861335,-0.34946168138664246,-3.3724583186133583,0.0
2025-03-31 15:00:00,96278.08,96278.08,0.0,-3721.9199999999983,-3.721920000000001,3887.31,98941.43398915727,-1.0585660108427208,-2.66335398915728,0.0
2025-04-01 15:00:00,96278.08,96278.08,0.0,-3721.9199999999983,-3.721920000000001,3887.68,98950.85138333884,-1.0491486166611552,-2.6727713833388456,0.0
2025-04-02 15:00:00,96278.08,96278.08,0.0,-3721.9199999999983,-3.721920000000001,3884.39,98867.11293237293,-1.1328870676270753,-2.5890329323729255,0.0
2025-04-03 15:00:00,96278.08,96278.08,0.0,-3721.9199999999983,-3.721920000000001,3861.5,98284.50711395047,-1.71549288604953,-2.006427113950471,0.0
2025-04-07 15:00:00,96278.08,96278.08,0.0,-3721.9199999999983,-3.721920000000001,3589.44,91359.9226246532,-8.640077375346799,4.918157375346798,0.0
2025-04-08 15:00:00,96278.08,96278.08,0.0,-3721.9199999999983,-3.721920000000001,3650.76,92920.66481712439,-7.079335182875612,3.357415182875611,0.0
2025-04-09 15:00:00,96278.08,96278.08,0.0,-3721.9199999999983,-3.721920000000001,3686.79,93837.71539107637,-6.162284608923629,2.4403646089236286,0.0
2025-04-10 15:00:00,96278.08,96278.08,0.0,-3721.9199999999983,-3.721920000000001,3735.12,95067.83069052406,-4.932169309475942,1.210249309475941,0.0
2025-04-11 15:00:00,96278.08,96278.08,0.0,-3721.9199999999983,-3.721920000000001,3750.52,95459.79790781134,-4.540202092188661,0.8182820921886602,0.0
2025-04-14 15:00:00,96278.08,96278.08,0.0,-3721.9199999999983,-3.721920000000001,3759.14,95679.1977398254,-4.320802260174606,0.5988822601746051,0.0
2025-04-15 15:00:00,96278.08,96278.08,0.0,-3721.9199999999983,-3.721920000000001,3761.23,95732.39329074296,-4.267606709257043,0.5456867092570423,0.0
2025-04-16 15:00:00,96278.08,96278.08,0.0,-3721.9199999999983,-3.721920000000001,3772.82,96027.3868003767,-3.9726131996232983,0.2506931996232975,0.0
2025-04-17 15:00:00,96278.08,96278.08,0.0,-3721.9199999999983,-3.721920000000001,3772.22,96012.11535035251,-3.9878846496474885,0.26596464964748767,0.0
2025-04-18 15:00:00,96278.08,96278.08,0.0,-3721.9199999999983,-3.721920000000001,3772.52,96019.7510753646,-3.980248924635399,0.25832892463539814,0.0
2025-04-21 15:00:00,96278.08,96278.08,0.0,-3721.9199999999983,-3.721920000000001,3784.88,96334.3429458627,-3.6656570541372946,-0.05626294586270619,0.0
2025-04-22 15:00:00,96278.08,96278.08,0.0,-3721.9199999999983,-3.721920000000001,3783.95,96310.67219832524,-3.689327801674769,-0.03259219832523197,0.0
2025-04-23 15:00:00,96278.08,96278.08,0.0,-3721.9199999999983,-3.721920000000001,3786.88,96385.24777927664,-3.6147522207233607,-0.10716777927664012,0.0
2025-04-24 15:00:00,96278.08,96278.08,0.0,-3721.9199999999983,-3.721920000000001,3784.36,96321.10768917509,-3.6788923108249105,-0.043027689175090256,0.0
2025-04-25 15:00:00,96278.08,96278.08,0.0,-3721.9199999999983,-3.721920000000001,3786.99,96388.0475451144,-3.611952454885603,-0.10996754511439777,0.0
2025-04-28 15:00:00,96278.08,96278.08,0.0,-3721.9199999999983,-3.721920000000001,3781.62,96251.368067398,-3.748631932601998,0.026711932601997113,0.0
2025-04-29 15:00:00,96278.08,96278.08,0.0,-3721.9199999999983,-3.721920000000001,3775.08,96084.90926213443,-3.9150907378655675,0.1931707378655667,0.0
2025-04-30 15:00:00,96278.08,96278.08,0.0,-3721.9199999999983,-3.721920000000001,3770.57,95970.11886278602,-4.029881137213975,0.3079611372139741,0.0
2025-05-06 15:00:00,96278.08,96278.08,0.0,-3721.9199999999983,-3.721920000000001,3808.54,96936.54712514953,-3.0634528748504697,-0.6584671251495311,0.0
2025-05-07 15:00:00,96278.08,96278.08,0.0,-3721.9199999999983,-3.721920000000001,3831.63,97524.24342691338,-2.4757565730866182,-1.2461634269133826,0.0
2025-05-08 15:00:00,96589.93000000001,2409.9300000000076,94180.0,-3410.0699999999924,-3.4100699999999873,3852.9,98065.61633027055,-1.9343836697294448,-1.4756863302705425,0.003239055037242089
2025-05-09 15:00:00,97184.93000000001,2409.9300000000076,94775.0,-2815.0699999999924,-2.8150699999999973,3846.16,97894.0670416656,-2.105932958334389,-0.7091370416656084,0.006160062441291858
2025-05-12 15:00:00,97269.93000000001,2409.9300000000076,94860.0,-2730.0699999999924,-2.7300699999999956,3890.61,99025.42696429025,-0.9745730357097471,-1.7554969642902485,0.0008746211989862918
2025-05-13 15:00:00,98374.93000000001,2409.9300000000076,95965.0,-1625.0699999999924,-1.6250699999999951,3896.26,99169.23311868461,-0.8307668813153923,-0.7943031186846028,0.011360139767757627
2025-05-14 15:00:00,99564.93000000001,2409.9300000000076,97155.0,-435.06999999999243,-0.43506999999999296,3943.21,100364.22408307668,0.36422408307668075,-0.7992940830766737,0.012096577857793722
2025-05-15 15:00:00,99224.93000000001,2409.9300000000076,96815.0,-775.0699999999924,-0.7750699999999888,3907.2,99447.68255745883,-0.5523174425411725,-0.22275255745881628,-0.0034148570184300286
2025-05-16 15:00:00,99139.93000000001,2409.9300000000076,96730.0,-860.0699999999924,-0.8600699999999906,3889.09,98986.73929089567,-1.0132607091043355,0.15319070910434496,-0.000856639556208294
2025-05-19 15:00:00,99054.93000000001,2409.9300000000076,96645.0,-945.0699999999924,-0.9450699999999923,3877.15,98682.83743541449,-1.3171625645855056,0.3720925645855133,-0.0008573740167054922
2025-05-20 15:00:00,99224.93000000001,2409.9300000000076,96815.0,-775.0699999999924,-0.7750699999999888,3898.17,99217.84723459493,-0.7821527654050753,0.007082765405086455,0.0017162194753961302
2025-05-21 15:00:00,99989.93000000001,2409.9300000000076,97580.0,-10.069999999992433,-0.01006999999999536,3916.38,99681.33574282879,-0.3186642571712195,0.30859425717122413,0.007709756005874757
2025-05-22 15:00:00,100584.93000000001,2409.9300000000076,98175.0,584.9300000000076,0.5849300000000168,3913.87,99617.4501768943,-0.3825498231057045,0.9674798231057213,0.005950599225341913
2025-05-23 15:00:00,99819.93000000001,2409.9300000000076,97410.0,-180.06999999999243,-0.18006999999998774,3882.27,98813.15380895416,-1.1868461910458428,1.006776191045855,-0.007605513072385661
2025-05-26 15:00:00,99479.93000000001,2409.9300000000076,97070.0,-520.0699999999924,-0.5200699999999947,3860.11,98249.12825472778,-1.75087174527222,1.2308017452722253,-0.0034061334244573915
2025-05-27 15:00:00,100074.93000000001,2409.9300000000076,97665.0,74.93000000000757,0.07493000000000638,3839.4,97722.00870472651,-2.277991295273485,2.3529212952734913,0.00598110593765
2025-05-28 15:00:00,100414.93000000001,2409.9300000000076,98005.0,414.93000000000757,0.41493000000001334,3836.24,97641.5790679325,-2.3584209320674954,2.7733509320675087,0.003397454287502377
2025-05-29 15:00:00,99819.93000000001,2409.9300000000076,97410.0,-180.06999999999243,-0.18006999999998774,3858.7,98213.24034717095,-1.7867596528290397,1.606689652829052,-0.005925413681013403
2025-05-30 15:00:00,100669.93000000001,2409.9300000000076,98260.0,669.9300000000076,0.6699300000000186,3840.23,97743.1342105933,-2.2568657894067035,2.926795789406722,0.008515333561143645
2025-06-03 15:00:00,102794.93000000001,2409.9300000000076,100385.0,2794.9300000000076,2.7949300000000177,3852.01,98042.96367940136,-1.9570363205986374,4.751966320598655,0.021108587241493115
2025-06-04 15:00:00,103049.93000000001,2409.9300000000076,100640.0,3049.9300000000076,3.0499300000000007,3868.74,98468.78261090891,-1.5312173890910885,4.58114738909109,0.0024806670912660422
2025-06-05 15:00:00,101604.93000000001,2409.9300000000076,99195.0,1604.9300000000076,1.6049300000000155,3877.56,98693.27292626434,-1.3067270737356584,2.911657073735674,-0.014022328787608118
2025-06-06 15:00:00,101859.93000000001,2409.9300000000076,99450.0,1859.9300000000076,1.8599299999999985,3873.98,98602.1532744534,-1.397846725546592,3.2577767255465906,0.0025097207389443987
2025-06-09 15:00:00,101944.93000000001,2409.9300000000076,99535.0,1944.9300000000076,1.9449300000000003,3885.25,98889.00201074092,-1.1109979892590771,3.0559279892590774,0.0008344792697188019
2025-06-10 15:00:00,102794.93000000001,2409.9300000000076,100385.0,2794.9300000000076,2.7949300000000177,3865.47,98385.55320827712,-1.6144467917228789,4.409376791722897,0.008337834946769762
2025-06-11 15:00:00,103134.93000000001,2409.9300000000076,100725.0,3134.9300000000076,3.1349300000000024,3894.63,99127.74567945226,-0.8722543205477384,4.007184320547741,0.0033075561216882043
2025-06-12 15:00:00,101689.93000000001,2409.9300000000076,99280.0,1689.9300000000076,1.6899300000000173,3892.2,99065.89630685434,-0.9341036931456603,2.6240336931456776,-0.014010772102138414
2025-06-13 15:00:00,100839.93000000001,2409.9300000000076,98430.0,839.9300000000076,0.8399299999999998,3864.18,98352.71959072513,-1.647280409274865,2.487210409274865,-0.008358743092851006
2025-06-16 15:00:00,102624.93000000001,2409.9300000000076,100215.0,2624.9300000000076,2.624930000000014,3873.8,98597.57183944616,-1.402428160553837,4.027358160553851,0.01770132129207158
2025-06-17 15:00:00,102369.93000000001,2409.9300000000076,99960.0,2369.9300000000076,2.369930000000009,3870.38,98510.52457430832,-1.4894754256916776,3.8594054256916865,-0.0024847763598961903
2025-06-18 15:00:00,102454.93000000001,2409.9300000000076,100045.0,2454.9300000000076,2.4549300000000107,3874.97,98627.3511669933,-1.3726488330066955,3.827578833006706,0.0008303219509868676
2025-06-19 15:00:00,101859.93000000001,2409.9300000000076,99450.0,1859.9300000000076,1.8599299999999985,3843.09,97815.92812237522,-2.1840718776247825,4.0440018776247815,-0.005807431618956693
2025-06-20 15:00:00,103049.93000000001,2409.9300000000076,100640.0,3049.9300000000076,3.0499300000000007,3846.64,97906.28420168495,-2.0937157983150545,5.143645798315055,0.011682709776062117
2025-06-23 15:00:00,103814.93000000001,2409.9300000000076,101405.0,3814.9300000000076,3.8149300000000164,3857.9,98192.87841380539,-1.8071215861946155,5.622051586194631,0.007423585828733703
2025-06-24 15:00:00,103814.93000000001,2409.9300000000076,101405.0,3814.9300000000076,3.8149300000000164,3904.03,99366.99839649774,-0.633001603502259,4.447931603502275,0.0
2025-06-25 15:00:00,104919.93000000001,2409.9300000000076,102510.0,4919.930000000008,4.919930000000017,3960.07,100793.35182875613,0.7933518287561281,4.126578171243889,0.01064394109787492
2025-06-26 15:00:00,107894.93000000001,2409.9300000000076,105485.0,7894.930000000008,7.894930000000011,3946.02,100435.74537402326,0.4357453740232664,7.459184625976745,0.028354956012647037
2025-06-27 15:00:00,106109.93000000001,2409.9300000000076,103700.0,6109.930000000008,6.109929999999997,3921.76,99818.26974471226,-0.18173025528773756,6.291660255287734,-0.016543872821456973
2025-06-30 15:00:00,105004.93000000001,2409.9300000000076,102595.0,5004.930000000008,5.0049300000000185,3936.08,100182.74835195602,0.18274835195601913,4.822181648043999,-0.010413728479511719
2025-07-01 15:00:00,106959.93000000001,2409.9300000000076,104550.0,6959.930000000008,6.959930000000014,3942.76,100352.77049555855,0.352770495558552,6.607159504441462,0.018618173451474984
2025-07-02 15:00:00,107129.93000000001,2409.9300000000076,104720.0,7129.930000000008,7.129930000000018,3943.68,100376.18671892896,0.3761867189289614,6.753743281071056,0.001589380247350558
2025-07-03 15:00:00,107384.93000000001,2409.9300000000076,104975.0,7384.930000000008,7.384930000000001,3968.07,100996.97116241186,0.9969711624118638,6.387958837588137,0.0023802871895837185
2025-07-04 15:00:00,109509.93000000001,2409.9300000000076,107100.0,9509.930000000008,9.50993,3982.2,101356.6138104813,1.3566138104813108,8.15331618951869,0.019788623971724872
2025-07-07 15:00:00,111039.93000000001,2409.9300000000076,108630.0,11039.930000000008,11.039930000000009,3965.17,100923.15915396166,0.9231591539616613,10.116770846038348,0.013971335750100566
2025-07-08 15:00:00,110274.93000000001,2409.9300000000076,107865.0,10274.930000000008,10.274930000000015,3998.45,101770.2155819695,1.7702155819695031,8.504714418030513,-0.006889413565012159
2025-07-09 15:00:00,111549.93000000001,2409.9300000000076,109140.0,11549.930000000008,11.549929999999996,3991.4,101590.77604418539,1.5907760441853824,9.959153955814614,0.011562011420002793
2025-07-10 15:00:00,114439.93000000001,2409.9300000000076,112030.0,14439.930000000008,14.439930000000011,4010.02,102064.70004326911,2.0647000432691076,12.375229956730903,0.02590768098196028
2025-07-11 15:00:00,112144.93000000001,2409.9300000000076,109735.0,12144.930000000008,12.14493000000001,4014.81,102186.61711929548,2.1866171192954864,9.958312880704522,-0.02005418912786827
2025-07-14 15:00:00,112739.93000000001,2409.9300000000076,110330.0,12739.930000000008,12.73993,4017.67,102259.4110310774,2.2594110310774074,10.480518968922592,0.005305634414324301
2025-07-15 15:00:00,110614.93000000001,2409.9300000000076,108205.0,10614.930000000008,10.614930000000001,4019.06,102294.78989030008,2.294789890300075,8.320140109699926,-0.018848690078129393
2025-07-16 15:00:00,109849.93000000001,2409.9300000000076,107440.0,9849.930000000008,9.849930000000008,4007.2,101992.92422815546,1.9929242281554682,7.857005771844539,-0.0069158837780758375
2025-07-17 15:00:00,109424.93000000001,2409.9300000000076,107015.0,9424.930000000008,9.424929999999998,4034.49,102687.52068008858,2.687520680088573,6.737409319911425,-0.0038689146183342737
2025-07-18 15:00:00,110359.93000000001,2409.9300000000076,107950.0,10359.930000000008,10.359930000000016,4058.55,103299.90582605818,3.2999058260581915,7.060024173941825,0.008544670761955198
2025-07-21 15:00:00,109594.93000000001,2409.9300000000076,107185.0,9594.930000000008,9.594930000000002,4085.61,103988.6482221487,3.988648222148705,5.606281777851296,-0.006931863766133195
2025-07-22 15:00:00,108574.93000000001,2409.9300000000076,106165.0,8574.930000000008,8.574930000000002,4118.96,104837.48631932602,4.837486319326034,3.7374436806739677,-0.009306999876727895
2025-07-23 15:00:00,108914.93000000001,2409.9300000000076,106505.0,8914.930000000008,8.914930000000009,4119.77,104858.10277685868,4.858102776858675,4.056827223141334,0.003131477957204254
2025-07-24 15:00:00,108182.25000000001,108182.25000000001,0.0,8182.250000000015,8.182250000000014,4149.04,105603.09501387157,5.603095013871573,2.579154986128441,-0.006727085074562211
2025-07-25 15:00:00,108182.25000000001,108182.25000000001,0.0,8182.250000000015,8.182250000000014,4127.16,105046.19613632314,5.046196136323133,3.1360538636768807,0.0
2025-07-28 15:00:00,108182.25000000001,108182.25000000001,0.0,8182.250000000015,8.182250000000014,4135.82,105266.61406500547,5.266614065005482,2.9156359349945324,0.0
2025-07-29 15:00:00,108182.25000000001,108182.25000000001,0.0,8182.250000000015,8.182250000000014,4152.02,105678.94321565834,5.678943215658339,2.5033067843416754,0.0
2025-07-30 15:00:00,108182.25000000001,108182.25000000001,0.0,8182.250000000015,8.182250000000014,4151.24,105659.09033062689,5.659090330626881,2.5231596693731326,0.0
2025-07-31 15:00:00,108182.25000000001,108182.25000000001,0.0,8182.250000000015,8.182250000000014,4075.59,103733.61500674489,3.7336150067448948,4.448634993255119,0.0
2025-08-01 15:00:00,108182.25000000001,108182.25000000001,0.0,8182.250000000015,8.182250000000014,4054.93,103207.76807757896,3.207768077578965,4.974481922421049,0.0
2025-08-04 15:00:00,108182.25000000001,108182.25000000001,0.0,8182.250000000015,8.182250000000014,4070.7,103609.15268904783,3.609152689047823,4.573097310952191,0.0
2025-08-05 15:00:00,108182.25000000001,108182.25000000001,0.0,8182.250000000015,8.182250000000014,4103.45,104442.71933620097,4.442719336200973,3.739530663799041,0.0
2025-08-06 15:00:00,108182.25000000001,108182.25000000001,0.0,8182.250000000015,8.182250000000014,4113.49,104698.26159993891,4.698261599938913,3.4839884000611008,0.0
2025-08-07 15:00:00,108182.25000000001,108182.25000000001,0.0,8182.250000000015,8.182250000000014,4114.67,104728.29545165313,4.728295451653142,3.4539545483468723,0.0
2025-08-08 15:00:00,108182.25000000001,108182.25000000001,0.0,8182.250000000015,8.182250000000014,4104.97,104481.40700959555,4.481407009595562,3.7008429904044524,0.0
2025-08-11 15:00:00,108182.25000000001,108182.25000000001,0.0,8182.250000000015,8.182250000000014,4122.51,104927.84239863575,4.927842398635751,3.254407601364263,0.0
2025-08-12 15:00:00,108182.25000000001,108182.25000000001,0.0,8182.250000000015,8.182250000000014,4143.83,105470.48792282827,5.470487922828271,2.711762077171743,0.0
2025-08-13 15:00:00,108182.25000000001,108182.25000000001,0.0,8182.250000000015,8.182250000000014,4176.58,106304.05456998141,6.304054569981421,1.878195430018593,0.0
2025-08-14 15:00:00,108182.25000000001,108182.25000000001,0.0,8182.250000000015,8.182250000000014,4173.31,106220.82516734966,6.220825167349653,1.9614248326503612,0.0
2025-08-15 15:00:00,108182.25000000001,108182.25000000001,0.0,8182.250000000015,8.182250000000014,4202.35,106959.96334851996,6.95996334851996,1.2222866514800543,0.0
2025-08-18 15:00:00,108182.25000000001,108182.25000000001,0.0,8182.250000000015,8.182250000000014,4239.41,107903.22991168012,7.90322991168011,0.2790200883199043,0.0
2025-08-19 15:00:00,108182.25000000001,108182.25000000001,0.0,8182.250000000015,8.182250000000014,4223.37,107494.97314770037,7.494973147700357,0.6872768522996573,0.0
2025-08-20 15:00:00,108182.25000000001,108182.25000000001,0.0,8182.250000000015,8.182250000000014,4271.4,108717.45272213595,8.717452722135954,-0.5352027221359403,0.0
2025-08-21 15:00:00,108182.25000000001,108182.25000000001,0.0,8182.250000000015,8.182250000000014,4288.07,109141.74450864109,9.141744508641093,-0.9594945086410789,0.0
2025-08-22 15:00:00,108182.25000000001,108182.25000000001,0.0,8182.250000000015,8.182250000000014,4378.0,111430.68034309857,11.430680343098576,-3.248430343098562,0.0
2025-08-25 15:00:00,108182.25000000001,108182.25000000001,0.0,8182.250000000015,8.182250000000014,4469.22,113752.44979510804,13.752449795108035,-5.570199795108021,0.0
2025-08-26 15:00:00,108182.25000000001,108182.25000000001,0.0,8182.250000000015,8.182250000000014,4452.59,113329.1761052712,13.329176105271202,-5.146926105271188,0.0
2025-08-27 15:00:00,108182.25000000001,108182.25000000001,0.0,8182.250000000015,8.182250000000014,4386.13,111637.60849092621,11.63760849092621,-3.455358490926196,0.0
2025-08-28 15:00:00,108182.25000000001,108182.25000000001,0.0,8182.250000000015,8.182250000000014,4463.78,113613.98864822215,13.613988648222142,-5.431738648222128,0.0
2025-08-29 15:00:00,108182.25000000001,108182.25000000001,0.0,8182.250000000015,8.182250000000014,4496.76,114453.4093512179,14.453409351217905,-6.271159351217891,0.0
2025-09-01 15:00:00,108182.25000000001,108182.25000000001,0.0,8182.250000000015,8.182250000000014,4523.71,115139.35198147064,15.139351981470629,-6.957101981470615,0.0
2025-09-02 15:00:00,108182.25000000001,108182.25000000001,0.0,8182.250000000015,8.182250000000014,4490.45,114292.80460179693,14.292804601796938,-6.110554601796924,0.0
2025-09-03 15:00:00,108182.25000000001,108182.25000000001,0.0,8182.250000000015,8.182250000000014,4459.83,113513.45160222963,13.513451602229631,-5.331201602229617,0.0
2025-09-04 15:00:00,108182.25000000001,108182.25000000001,0.0,8182.250000000015,8.182250000000014,4365.21,111105.14393341648,11.105143933416484,-2.9228939334164696,0.0
2025-09-05 15:00:00,108182.25000000001,108182.25000000001,0.0,8182.250000000015,8.182250000000014,4460.32,113525.92328641604,13.525923286416042,-5.343673286416028,0.0
2025-09-08 15:00:00,108182.25000000001,108182.25000000001,0.0,8182.250000000015,8.182250000000014,4467.57,113710.45330754155,13.710453307541549,-5.528203307541535,0.0
2025-09-09 15:00:00,108182.25000000001,108182.25000000001,0.0,8182.250000000015,8.182250000000014,4436.26,112913.53814044643,12.913538140446423,-4.731288140446409,0.0
2025-09-10 15:00:00,108182.25000000001,108182.25000000001,0.0,8182.250000000015,8.182250000000014,4445.36,113145.1551324798,13.145155132479802,-4.962905132479788,0.0
2025-09-11 15:00:00,108182.25000000001,108182.25000000001,0.0,8182.250000000015,8.182250000000014,4548.03,115758.35475578406,15.758354755784065,-7.576104755784051,0.0
2025-09-12 15:00:00,108182.25000000001,108182.25000000001,0.0,8182.250000000015,8.182250000000014,4522.0,115095.82834890172,15.09582834890173,-6.913578348901716,0.0
2025-09-15 15:00:00,108182.25000000001,108182.25000000001,0.0,8182.250000000015,8.182250000000014,4533.06,115377.33207768078,15.377332077680773,-7.195082077680759,0.0
2025-09-16 15:00:00,108182.25000000001,108182.25000000001,0.0,8182.250000000015,8.182250000000014,4523.34,115129.93458728906,15.129934587289062,-6.947684587289048,0.0
2025-09-17 15:00:00,108182.25000000001,108182.25000000001,0.0,8182.250000000015,8.182250000000014,4551.02,115834.4574817379,15.834457481737907,-7.652207481737893,0.0
2025-09-18 15:00:00,108182.25000000001,108182.25000000001,0.0,8182.250000000015,8.182250000000014,4498.11,114487.77011377229,14.487770113772292,-6.305520113772278,0.0
2025-09-19 15:00:00,108182.25000000001,108182.25000000001,0.0,8182.250000000015,8.182250000000014,4501.92,114584.74382142584,14.58474382142585,-6.402493821425836,0.0
2025-09-22 15:00:00,108182.25000000001,108182.25000000001,0.0,8182.250000000015,8.182250000000014,4522.61,115111.35432309296,15.111354323092963,-6.9291043230929485,0.0
2025-09-23 15:00:00,108182.25000000001,108182.25000000001,0.0,8182.250000000015,8.182250000000014,4519.78,115039.32398381225,15.039323983812247,-6.857073983812233,0.0
2025-09-24 15:00:00,108182.25000000001,108182.25000000001,0.0,8182.250000000015,8.182250000000014,4566.07,116217.51635317774,16.217516353177743,-8.035266353177729,0.0
2025-09-25 15:00:00,108182.25000000001,108182.25000000001,0.0,8182.250000000015,8.182250000000014,4593.49,116915.42161928274,16.915421619282746,-8.733171619282732,0.0
2025-09-26 15:00:00,108182.25000000001,108182.25000000001,0.0,8182.250000000015,8.182250000000014,4550.05,115809.76863753214,15.809768637532141,-7.627518637532127,0.0
2025-09-29 15:00:00,108182.25000000001,108182.25000000001,0.0,8182.250000000015,8.182250000000014,4620.05,117591.43780701977,17.591437807019773,-9.409187807019759,0.0
2025-09-30 15:00:00,108182.25000000001,108182.25000000001,0.0,8182.250000000015,8.182250000000014,4640.69,118116.77568785155,18.11677568785155,-9.934525687851536,0.0
2025-10-09 15:00:00,108182.25000000001,108182.25000000001,0.0,8182.250000000015,8.182250000000014,4709.48,119867.64743312376,19.867647433123746,-11.685397433123732,0.0
2025-10-10 15:00:00,108182.25000000001,108182.25000000001,0.0,8182.250000000015,8.182250000000014,4616.83,117509.48102522334,17.509481025223337,-9.327231025223323,0.0
2025-10-13 15:00:00,108182.25000000001,108182.25000000001,0.0,8182.250000000015,8.182250000000014,4593.98,116927.89330346914,16.927893303469133,-8.74564330346912,0.0
2025-10-14 15:00:00,108182.25000000001,108182.25000000001,0.0,8182.250000000015,8.182250000000014,4539.06,115530.04657792259,15.530046577922585,-7.347796577922571,0.0
2025-10-15 15:00:00,108182.25000000001,108182.25000000001,0.0,8182.250000000015,8.182250000000014,4606.29,117241.21255313192,17.241212553131913,-9.058962553131899,0.0
2025-10-16 15:00:00,108182.25000000001,108182.25000000001,0.0,8182.250000000015,8.182250000000014,4618.42,117549.95036778742,17.549950367787414,-9.3677003677874,0.0
2025-10-17 15:00:00,107322.54000000001,2442.540000000008,104880.0,7322.540000000008,7.322540000000011,4514.23,114898.06307108859,14.898063071088586,-7.5755230710885755,-0.007946867438974548
2025-10-20 15:00:00,109243.50000000001,4179.500000000008,105064.0,9243.500000000015,9.243500000000004,4538.22,115508.66654788872,15.508666547888716,-6.265166547888711,0.01789894275703885
2025-10-21 15:00:00,109335.50000000001,4179.500000000008,105156.0,9335.500000000015,9.335500000000007,4607.87,117281.42737152893,17.281427371528935,-7.945927371528928,0.0008421553685116212
2025-10-22 15:00:00,110163.50000000001,4179.500000000008,105984.0,10163.500000000015,10.163500000000013,4592.57,116892.00539591233,16.892005395912335,-6.728505395912322,0.0075730206566029246
2025-10-23 15:00:00,110163.50000000001,4179.500000000008,105984.0,10163.500000000015,10.163500000000013,4606.34,117242.48517396726,17.24248517396727,-7.078985173967258,0.0
2025-10-24 15:00:00,110163.50000000001,4179.500000000008,105984.0,10163.500000000015,10.163500000000013,4660.68,118625.56949782382,18.62556949782381,-8.462069497823798,0.0
2025-10-27 15:00:00,110163.50000000001,4179.500000000008,105984.0,10163.500000000015,10.163500000000013,4716.02,120034.10623838735,20.034106238387352,-9.870606238387339,0.0
2025-10-28 15:00:00,110163.50000000001,4179.500000000008,105984.0,10163.500000000015,10.163500000000013,4691.97,119421.9756165848,19.421975616584785,-9.258475616584771,0.0
2025-10-29 15:00:00,110163.50000000001,4179.500000000008,105984.0,10163.500000000015,10.163500000000013,4747.84,120844.002138003,20.844002138002992,-10.680502138002979,0.0
2025-10-30 15:00:00,110163.50000000001,4179.500000000008,105984.0,10163.500000000015,10.163500000000013,4709.91,119878.59197230777,19.878591972307767,-9.715091972307754,0.0
2025-10-31 15:00:00,110163.50000000001,4179.500000000008,105984.0,10163.500000000015,10.163500000000013,4640.67,118116.26663951742,18.11626663951742,-7.952766639517407,0.0
2025-11-03 15:00:00,110163.50000000001,4179.500000000008,105984.0,10163.500000000015,10.163500000000013,4653.4,118440.27590419709,18.44027590419708,-8.276775904197066,0.0
2025-11-04 15:00:00,110163.50000000001,4179.500000000008,105984.0,10163.500000000015,10.163500000000013,4618.7,117557.07704446538,17.557077044465387,-7.393577044465374,0.0
2025-11-05 15:00:00,110163.50000000001,4179.500000000008,105984.0,10163.500000000015,10.163500000000013,4627.26,117774.949731477,17.774949731476998,-7.611449731476984,0.0
2025-11-06 15:00:00,110163.50000000001,4179.500000000008,105984.0,10163.500000000015,10.163500000000013,4693.4,119458.37257247574,19.458372572475735,-9.294872572475722,0.0
2025-11-07 15:00:00,110163.50000000001,4179.500000000008,105984.0,10163.500000000015,10.163500000000013,4678.79,119086.51276438698,19.086512764386974,-8.92301276438696,0.0
2025-11-10 15:00:00,110163.50000000001,4179.500000000008,105984.0,10163.500000000015,10.163500000000013,4695.05,119500.36906004224,19.500369060042246,-9.336869060042233,0.0
2025-11-11 15:00:00,110163.50000000001,4179.500000000008,105984.0,10163.500000000015,10.163500000000013,4652.17,118408.96943164754,18.408969431647538,-8.245469431647525,0.0
2025-11-12 15:00:00,110163.50000000001,4179.500000000008,105984.0,10163.500000000015,10.163500000000013,4645.91,118249.63730306193,18.249637303061927,-8.086137303061914,0.0
2025-11-13 15:00:00,110163.50000000001,4179.500000000008,105984.0,10163.500000000015,10.163500000000013,4702.07,119679.04502532515,19.679045025325138,-9.515545025325125,0.0
2025-11-14 15:00:00,110163.50000000001,4179.500000000008,105984.0,10163.500000000015,10.163500000000013,4628.14,117797.34785817914,17.797347858179148,-7.633847858179134,0.0
2025-11-17 15:00:00,110163.50000000001,4179.500000000008,105984.0,10163.500000000015,10.163500000000013,4598.05,117031.48463946652,17.031484639466534,-6.8679846394665205,0.0
2025-11-18 15:00:00,110163.50000000001,4179.500000000008,105984.0,10163.500000000015,10.163500000000013,4568.19,116271.47547659649,16.271475476596486,-6.107975476596472,0.0
2025-11-19 15:00:00,110163.50000000001,4179.500000000008,105984.0,10163.500000000015,10.163500000000013,4588.29,116783.06905240653,16.783069052406518,-6.619569052406504,0.0
2025-11-20 15:00:00,110163.50000000001,4179.500000000008,105984.0,10163.500000000015,10.163500000000013,4564.95,116189.00964646593,16.189009646465923,-6.02550964646591,0.0
2025-11-21 15:00:00,110163.50000000001,4179.500000000008,105984.0,10163.500000000015,10.163500000000013,4453.61,113355.13757031229,13.35513757031228,-3.191637570312267,0.0
2025-11-24 15:00:00,110163.50000000001,4179.500000000008,105984.0,10163.500000000015,10.163500000000013,4448.05,113213.62213342157,13.213622133421566,-3.050122133421553,0.0
2025-11-25 15:00:00,110163.50000000001,4179.500000000008,105984.0,10163.500000000015,10.163500000000013,4490.4,114291.53198096158,14.29153198096158,-4.128031980961566,0.0
2025-11-26 15:00:00,110163.50000000001,4179.500000000008,105984.0,10163.500000000015,10.163500000000013,4517.63,114984.60128789228,14.984601287892275,-4.821101287892262,0.0
2025-11-27 15:00:00,110163.50000000001,4179.500000000008,105984.0,10163.500000000015,10.163500000000013,4515.4,114927.84239863574,14.927842398635738,-4.7643423986357245,0.0
2025-11-28 15:00:00,110163.50000000001,4179.500000000008,105984.0,10163.500000000015,10.163500000000013,4526.66,115214.4366107562,15.214436610756188,-5.050936610756175,0.0
2025-12-01 15:00:00,110163.50000000001,4179.500000000008,105984.0,10163.500000000015,10.163500000000013,4576.49,116482.73053526432,16.482730535264324,-6.31923053526431,0.0
